,Accuracy,Precision,Sensitivity o recall,Specificity,Sorensen-Dice coefficient,Jaccard index;;;;;;;;;;;;;;;;;;;;
Datos/Validacion/RoiImg\Mamo_01.jpg,0.87103271484375,0.9972846210812145,0.7944154950349032,0.9964590375020119,0.884364909976468,0.792700873148239;;;;;;;;;;;;;;;Accuracy;Precision;Sensitivity o recall;Specificity;Sorensen-Dice coefficient;Jaccard index
Datos/Validacion/RoiImg\Mamo_010.jpg,0.71099853515625,0.3604613905799423,0.7517540928833946,0.7018893286535733,0.48727666486193827,0.3221188260558339;;;;;;;;;;;;;;Datos/Validacion/RoiImg\Mamo_01.jpg;0.87103271484375;0.9972846210812145;0.7944154950349032;0.9964590375020119;0.884364909976468;0.792700873148239
Datos/Validacion/RoiImg\Mamo_0100.jpg,0.86749267578125,0.23333333333333334,0.9865067466266867,0.8624419418464083,0.37740177803269287,0.23259102156238953;;;;;;;;;;;;;;Datos/Validacion/RoiImg\Mamo_010.jpg;0.71099853515625;0.3604613905799423;0.7517540928833946;0.7018893286535733;0.48727666486193827;0.3221188260558339
Datos/Validacion/RoiImg\Mamo_0101.jpg,0.99493408203125,0.9183467741935484,0.9978094194961665,0.9947643979057592,0.9564304461942257,0.9164989939637826;;;;;;;;;;;;;;Datos/Validacion/RoiImg\Mamo_0100.jpg;0.86749267578125;0.23333333333333334;0.9865067466266867;0.8624419418464083;0.37740177803269287;0.23259102156238953
Datos/Validacion/RoiImg\Mamo_0102.jpg,0.99609375,0.9259259259259259,0.9917920656634747,0.9962946400051108,0.9577278731836195,0.9188846641318125;;;;;;;;;;;;;;Datos/Validacion/RoiImg\Mamo_0101.jpg;0.99493408203125;0.9183467741935484;0.9978094194961665;0.9947643979057592;0.9564304461942257;0.9164989939637826
Datos/Validacion/RoiImg\Mamo_0103.jpg,0.992431640625,0.9623893805309734,0.9916413373860182,0.9925828970331588,0.9767964071856288,0.9546452084857352;;;;;;;;;;;;;;Datos/Validacion/RoiImg\Mamo_0102.jpg;0.99609375;0.9259259259259259;0.9917920656634747;0.9962946400051108;0.9577278731836195;0.9188846641318125
Datos/Validacion/RoiImg\Mamo_0104.jpg,0.9901123046875,0.9514891003991404,0.9987109249113761,0.9881033054739854,0.9745283018867924,0.9503219871205152;;;;;;;;;;;;;;Datos/Validacion/RoiImg\Mamo_0103.jpg;0.992431640625;0.9623893805309734;0.9916413373860182;0.9925828970331588;0.9767964071856288;0.9546452084857352
Datos/Validacion/RoiImg\Mamo_0105.jpg,0.99285888671875,0.8859198355601233,0.9930875576036866,0.992846094354215,0.9364475828354155,0.8804902962206334;;;;;;;;;;;;;;Datos/Validacion/RoiImg\Mamo_0104.jpg;0.9901123046875;0.9514891003991404;0.9987109249113761;0.9881033054739854;0.9745283018867924;0.9503219871205152
Datos/Validacion/RoiImg\Mamo_0106.jpg,0.99615478515625,0.8406169665809768,0.9969512195121951,0.9961385151968112,0.9121338912133892,0.8384615384615385;;;;;;;;;;;;;;Datos/Validacion/RoiImg\Mamo_0105.jpg;0.99285888671875;0.8859198355601233;0.9930875576036866;0.992846094354215;0.9364475828354155;0.8804902962206334
Datos/Validacion/RoiImg\Mamo_0107.jpg,0.99658203125,0.9626297577854671,0.9985642498205313,0.996397838703222,0.9802677942212826,0.9612992398064962;;;;;;;;;;;;;;Datos/Validacion/RoiImg\Mamo_0106.jpg;0.99615478515625;0.8406169665809768;0.9969512195121951;0.9961385151968112;0.9121338912133892;0.8384615384615385
Datos/Validacion/RoiImg\Mamo_0108.jpg,0.998291015625,0.9757207890743551,0.981679389312977,0.9989827706783648,0.9786910197869102,0.9582712369597616;;;;;;;;;;;;;;Datos/Validacion/RoiImg\Mamo_0107.jpg;0.99658203125;0.9626297577854671;0.9985642498205313;0.996397838703222;0.9802677942212826;0.9612992398064962
Datos/Validacion/RoiImg\Mamo_0109.jpg,0.98321533203125,0.6318607764390897,1.0,0.98271744595274,0.7744052502050861,0.6318607764390897;;;;;;;;;;;;;;Datos/Validacion/RoiImg\Mamo_0108.jpg;0.998291015625;0.9757207890743551;0.981679389312977;0.9989827706783648;0.9786910197869102;0.9582712369597616
Datos/Validacion/RoiImg\Mamo_011.jpg,0.900390625,0.9846760070052539,0.7422442244224422,0.9932196822936846,0.8464433571697403,0.7337683523654159;;;;;;;;;;;;;;Datos/Validacion/RoiImg\Mamo_0109.jpg;0.98321533203125;0.6318607764390897;1.0;0.98271744595274;0.7744052502050861;0.6318607764390897
Datos/Validacion/RoiImg\Mamo_0110.jpg,0.99517822265625,0.9576897246474144,0.9889042995839112,0.9957836969615848,0.9730467417263733,0.9475083056478405;;;;;;;;;;;;;;Datos/Validacion/RoiImg\Mamo_011.jpg;0.900390625;0.9846760070052539;0.7422442244224422;0.9932196822936846;0.8464433571697403;0.7337683523654159
Datos/Validacion/RoiImg\Mamo_0111.jpg,0.996337890625,0.951715374841169,0.9714656290531777,0.9975661307884455,0.9614890885750963,0.9258343634116193;;;;;;;;;;;;;;Datos/Validacion/RoiImg\Mamo_0110.jpg;0.99517822265625;0.9576897246474144;0.9889042995839112;0.9957836969615848;0.9730467417263733;0.9475083056478405
Datos/Validacion/RoiImg\Mamo_0112.jpg,0.98779296875,0.8134920634920635,0.9855769230769231,0.9879115226337448,0.8913043478260869,0.803921568627451;;;;;;;;;;;;;;Datos/Validacion/RoiImg\Mamo_0111.jpg;0.996337890625;0.951715374841169;0.9714656290531777;0.9975661307884455;0.9614890885750963;0.9258343634116193
Datos/Validacion/RoiImg\Mamo_0113.jpg,0.99859619140625,0.989010989010989,0.9752321981424149,0.9995552166730207,0.9820732657833203,0.9647779479326187;;;;;;;;;;;;;;Datos/Validacion/RoiImg\Mamo_0112.jpg;0.98779296875;0.8134920634920635;0.9855769230769231;0.9879115226337448;0.8913043478260869;0.803921568627451
Datos/Validacion/RoiImg\Mamo_0114.jpg,0.8057861328125,0.07928240740740741,1.0,0.8024829298572316,0.14691689008042896,0.07928240740740741;;;;;;;;;;;;;;Datos/Validacion/RoiImg\Mamo_0113.jpg;0.99859619140625;0.989010989010989;0.9752321981424149;0.9995552166730207;0.9820732657833203;0.9647779479326187
Datos/Validacion/RoiImg\Mamo_0115.jpg,0.9971923828125,0.9179954441913439,0.9757869249394673,0.9977459144699768,0.9460093896713615,0.8975501113585747;;;;;;;;;;;;;;Datos/Validacion/RoiImg\Mamo_0114.jpg;0.8057861328125;0.07928240740740741;1.0;0.8024829298572316;0.14691689008042896;0.07928240740740741
Datos/Validacion/RoiImg\Mamo_0116.jpg,0.99688720703125,0.8893805309734514,0.9975186104218362,0.9968712846505225,0.9403508771929825,0.8874172185430463;;;;;;;;;;;;;;Datos/Validacion/RoiImg\Mamo_0115.jpg;0.9971923828125;0.9179954441913439;0.9757869249394673;0.9977459144699768;0.9460093896713615;0.8975501113585747
Datos/Validacion/RoiImg\Mamo_0117.jpg,0.99737548828125,0.8922305764411027,1.0,0.9973171949089094,0.9430463576158941,0.8922305764411027;;;;;;;;;;;;;;Datos/Validacion/RoiImg\Mamo_0116.jpg;0.99688720703125;0.8893805309734514;0.9975186104218362;0.9968712846505225;0.9403508771929825;0.8874172185430463
Datos/Validacion/RoiImg\Mamo_0118.jpg,0.991943359375,0.9636803874092009,0.9567307692307693,0.9959239130434783,0.9601930036188179,0.9234338747099768;;;;;;;;;;;;;;Datos/Validacion/RoiImg\Mamo_0117.jpg;0.99737548828125;0.8922305764411027;1.0;0.9973171949089094;0.9430463576158941;0.8922305764411027
Datos/Validacion/RoiImg\Mamo_0119.jpg,0.99615478515625,0.9732002101944298,0.9935622317596566,0.9964876033057851,0.9832758162994425,0.9671018276762402;;;;;;;;;;;;;;Datos/Validacion/RoiImg\Mamo_0118.jpg;0.991943359375;0.9636803874092009;0.9567307692307693;0.9959239130434783;0.9601930036188179;0.9234338747099768
Datos/Validacion/RoiImg\Mamo_012.jpg,0.81109619140625,1.0,0.5713890042930342,1.0,0.7272406803560413,0.5713890042930342;;;;;;;;;;;;;;Datos/Validacion/RoiImg\Mamo_0119.jpg;0.99615478515625;0.9732002101944298;0.9935622317596566;0.9964876033057851;0.9832758162994425;0.9671018276762402
Datos/Validacion/RoiImg\Mamo_0120.jpg,0.92974853515625,0.9778911564625851,0.6766696087084436,0.995995379283789,0.7998608937576074,0.6664734859461026;;;;;;;;;;;;;;Datos/Validacion/RoiImg\Mamo_012.jpg;0.81109619140625;1.0;0.5713890042930342;1.0;0.7272406803560413;0.5713890042930342
Datos/Validacion/RoiImg\Mamo_0121.jpg,0.99493408203125,0.9594017094017094,0.9961175818080976,0.9947877374665661,0.9774149659863945,0.9558275678552421;;;;;;;;;;;;;;Datos/Validacion/RoiImg\Mamo_0120.jpg;0.92974853515625;0.9778911564625851;0.6766696087084436;0.995995379283789;0.7998608937576074;0.6664734859461026
Datos/Validacion/RoiImg\Mamo_0122.jpg,0.98968505859375,0.9239130434782609,0.9597741707833451,0.9925168704483196,0.9415022499134649,0.8894702419882276;;;;;;;;;;;;;;Datos/Validacion/RoiImg\Mamo_0121.jpg;0.99493408203125;0.9594017094017094;0.9961175818080976;0.9947877374665661;0.9774149659863945;0.9558275678552421
Datos/Validacion/RoiImg\Mamo_0123.jpg,0.73675537109375,0.1831439393939394,1.0,0.7202438866186677,0.309588602529214,0.1831439393939394;;;;;;;;;;;;;;Datos/Validacion/RoiImg\Mamo_0122.jpg;0.98968505859375;0.9239130434782609;0.9597741707833451;0.9925168704483196;0.9415022499134649;0.8894702419882276
Datos/Validacion/RoiImg\Mamo_0124.jpg,0.9039306640625,0.9039506172839507,0.7554684275691291,0.9662853180793899,0.82306654676259,0.699331423113658;;;;;;;;;;;;;;Datos/Validacion/RoiImg\Mamo_0123.jpg;0.73675537109375;0.1831439393939394;1.0;0.7202438866186677;0.309588602529214;0.1831439393939394
Datos/Validacion/RoiImg\Mamo_0125.jpg,0.99346923828125,0.9700665188470067,0.9706045479755963,0.9962965503051917,0.9703354588300527,0.942380183091007;;;;;;;;;;;;;;Datos/Validacion/RoiImg\Mamo_0124.jpg;0.9039306640625;0.9039506172839507;0.7554684275691291;0.9662853180793899;0.82306654676259;0.699331423113658
Datos/Validacion/RoiImg\Mamo_0126.jpg,0.99365234375,0.957350272232305,0.9952830188679245,0.9934099831744251,0.9759481961147086,0.953026196928636;;;;;;;;;;;;;;Datos/Validacion/RoiImg\Mamo_0125.jpg;0.99346923828125;0.9700665188470067;0.9706045479755963;0.9962965503051917;0.9703354588300527;0.942380183091007
Datos/Validacion/RoiImg\Mamo_0127.jpg,0.99432373046875,0.9377093101138647,1.0,0.9937933796049119,0.9678534393363291,0.9377093101138647;;;;;;;;;;;;;;Datos/Validacion/RoiImg\Mamo_0126.jpg;0.99365234375;0.957350272232305;0.9952830188679245;0.9934099831744251;0.9759481961147086;0.953026196928636
Datos/Validacion/RoiImg\Mamo_0128.jpg,0.88507080078125,0.4209872710338404,0.9868995633187773,0.8757495003331113,0.5902067464635473,0.4186477307811053;;;;;;;;;;;;;;Datos/Validacion/RoiImg\Mamo_0127.jpg;0.99432373046875;0.9377093101138647;1.0;0.9937933796049119;0.9678534393363291;0.9377093101138647
Datos/Validacion/RoiImg\Mamo_0129.jpg,0.9957275390625,0.93419740777667,0.9957492029755579,0.9957262189988991,0.9639917695473251,0.9304865938430983;;;;;;;;;;;;;;Datos/Validacion/RoiImg\Mamo_0128.jpg;0.88507080078125;0.4209872710338404;0.9868995633187773;0.8757495003331113;0.5902067464635473;0.4186477307811053
Datos/Validacion/RoiImg\Mamo_013.jpg,0.8048095703125,0.9932840832773674,0.701413259982927,0.9914398219482965,0.8222148098732488,0.698102520532427;;;;;;;;;;;;;;Datos/Validacion/RoiImg\Mamo_0129.jpg;0.9957275390625;0.93419740777667;0.9957492029755579;0.9957262189988991;0.9639917695473251;0.9304865938430983
Datos/Validacion/RoiImg\Mamo_0130.jpg,0.99468994140625,0.907103825136612,0.9975961538461539,0.9945344650205762,0.9502003434459073,0.9051254089422028;;;;;;;;;;;;;;Datos/Validacion/RoiImg\Mamo_013.jpg;0.8048095703125;0.9932840832773674;0.701413259982927;0.9914398219482965;0.8222148098732488;0.698102520532427
Datos/Validacion/RoiImg\Mamo_0131.jpg,0.9952392578125,0.9227166276346604,0.985,0.9957648870636551,0.9528415961305925,0.9099307159353349;;;;;;;;;;;;;;Datos/Validacion/RoiImg\Mamo_0130.jpg;0.99468994140625;0.907103825136612;0.9975961538461539;0.9945344650205762;0.9502003434459073;0.9051254089422028
Datos/Validacion/RoiImg\Mamo_0132.jpg,0.9852294921875,0.8440721649484536,1.0,0.9839458670558577,0.9154437456324249,0.8440721649484536;;;;;;;;;;;;;;Datos/Validacion/RoiImg\Mamo_0131.jpg;0.9952392578125;0.9227166276346604;0.985;0.9957648870636551;0.9528415961305925;0.9099307159353349
Datos/Validacion/RoiImg\Mamo_0133.jpg,0.99041748046875,0.9071472205253512,0.9966442953020134,0.9897945481401906,0.9497921330348577,0.9043848964677222;;;;;;;;;;;;;;Datos/Validacion/RoiImg\Mamo_0132.jpg;0.9852294921875;0.8440721649484536;1.0;0.9839458670558577;0.9154437456324249;0.8440721649484536
Datos/Validacion/RoiImg\Mamo_0134.jpg,0.9088134765625,0.7788429752066116,0.9679539852095317,0.8838138242445294,0.8631617512364902,0.7592652271994844;;;;;;;;;;;;;;Datos/Validacion/RoiImg\Mamo_0133.jpg;0.99041748046875;0.9071472205253512;0.9966442953020134;0.9897945481401906;0.9497921330348577;0.9043848964677222
Datos/Validacion/RoiImg\Mamo_0135.jpg,0.9952392578125,0.9570552147239264,0.9894291754756871,0.995790177079853,0.972972972972973,0.9473684210526315;;;;;;;;;;;;;;Datos/Validacion/RoiImg\Mamo_0134.jpg;0.9088134765625;0.7788429752066116;0.9679539852095317;0.8838138242445294;0.8631617512364902;0.7592652271994844
Datos/Validacion/RoiImg\Mamo_0136.jpg,0.9879150390625,0.8098039215686275,0.9951807228915662,0.9875273241609875,0.892972972972973,0.806640625;;;;;;;;;;;;;;Datos/Validacion/RoiImg\Mamo_0135.jpg;0.9952392578125;0.9570552147239264;0.9894291754756871;0.995790177079853;0.972972972972973;0.9473684210526315
Datos/Validacion/RoiImg\Mamo_0137.jpg,0.99676513671875,0.9428918590522479,0.9923273657289002,0.9969875656967055,0.9669781931464174,0.9360675512665863;;;;;;;;;;;;;;Datos/Validacion/RoiImg\Mamo_0136.jpg;0.9879150390625;0.8098039215686275;0.9951807228915662;0.9875273241609875;0.892972972972973;0.806640625
Datos/Validacion/RoiImg\Mamo_0138.jpg,0.97802734375,0.7540751240255138,0.9879294336118849,0.9773306330437055,0.8553054662379421,0.7471910112359551;;;;;;;;;;;;;;Datos/Validacion/RoiImg\Mamo_0137.jpg;0.99676513671875;0.9428918590522479;0.9923273657289002;0.9969875656967055;0.9669781931464174;0.9360675512665863
Datos/Validacion/RoiImg\Mamo_0139.jpg,0.98974609375,0.9178247734138972,0.9793681495809156,0.9908312546349356,0.9475982532751092,0.9004149377593361;;;;;;;;;;;;;;Datos/Validacion/RoiImg\Mamo_0138.jpg;0.97802734375;0.7540751240255138;0.9879294336118849;0.9773306330437055;0.8553054662379421;0.7471910112359551
Datos/Validacion/RoiImg\Mamo_014.jpg,0.77593994140625,0.3977395048439182,0.8759383642828922,0.7576698188118097,0.5470697100555213,0.3765285326086957;;;;;;;;;;;;;;Datos/Validacion/RoiImg\Mamo_0139.jpg;0.98974609375;0.9178247734138972;0.9793681495809156;0.9908312546349356;0.9475982532751092;0.9004149377593361
Datos/Validacion/RoiImg\Mamo_0140.jpg,0.9951171875,0.9431818181818182,1.0,0.9946865037194474,0.9707602339181286,0.9431818181818182;;;;;;;;;;;;;;Datos/Validacion/RoiImg\Mamo_014.jpg;0.77593994140625;0.3977395048439182;0.8759383642828922;0.7576698188118097;0.5470697100555213;0.3765285326086957
Datos/Validacion/RoiImg\Mamo_0141.jpg,0.99493408203125,0.9193227091633466,0.9978378378378379,0.994760333786144,0.9569725246241576,0.9174950298210736;;;;;;;;;;;;;;Datos/Validacion/RoiImg\Mamo_0140.jpg;0.9951171875;0.9431818181818182;1.0;0.9946865037194474;0.9707602339181286;0.9431818181818182
Datos/Validacion/RoiImg\Mamo_0142.jpg,0.99163818359375,0.9398331137461572,1.0,0.9903819151923617,0.9689834729454381,0.9398331137461572;;;;;;;;;;;;;;Datos/Validacion/RoiImg\Mamo_0141.jpg;0.99493408203125;0.9193227091633466;0.9978378378378379;0.994760333786144;0.9569725246241576;0.9174950298210736
Datos/Validacion/RoiImg\Mamo_0143.jpg,0.991455078125,0.9262536873156342,0.9905362776025236,0.9915534833434692,0.9573170731707317,0.9181286549707602;;;;;;;;;;;;;;Datos/Validacion/RoiImg\Mamo_0142.jpg;0.99163818359375;0.9398331137461572;1.0;0.9903819151923617;0.9689834729454381;0.9398331137461572
Datos/Validacion/RoiImg\Mamo_0144.jpg,0.99176025390625,0.947117296222664,0.9991610738255033,0.9905,0.9724433557868953,0.9463647199046484;;;;;;;;;;;;;;Datos/Validacion/RoiImg\Mamo_0143.jpg;0.991455078125;0.9262536873156342;0.9905362776025236;0.9915534833434692;0.9573170731707317;0.9181286549707602
Datos/Validacion/RoiImg\Mamo_0145.jpg,0.968994140625,0.8184591914569032,0.9853076216712581,0.966493031113614,0.8941666666666667,0.8085908063300679;;;;;;;;;;;;;;Datos/Validacion/RoiImg\Mamo_0144.jpg;0.99176025390625;0.947117296222664;0.9991610738255033;0.9905;0.9724433557868953;0.9463647199046484
Datos/Validacion/RoiImg\Mamo_0146.jpg,0.9541015625,0.7593085106382979,0.9878892733564014,0.9485503126776578,0.8586466165413534,0.7523056653491436;;;;;;;;;;;;;;Datos/Validacion/RoiImg\Mamo_0145.jpg;0.968994140625;0.8184591914569032;0.9853076216712581;0.966493031113614;0.8941666666666667;0.8085908063300679
Datos/Validacion/RoiImg\Mamo_0147.jpg,0.93310546875,0.5531301482701813,0.9918759231905465,0.9278110445775116,0.7102062400846113,0.5506355063550635;;;;;;;;;;;;;;Datos/Validacion/RoiImg\Mamo_0146.jpg;0.9541015625;0.7593085106382979;0.9878892733564014;0.9485503126776578;0.8586466165413534;0.7523056653491436
Datos/Validacion/RoiImg\Mamo_0148.jpg,0.9736328125,0.8590121033693163,0.9996193376475067,0.9686704950207167,0.9239971850809289,0.8587311968606932;;;;;;;;;;;;;;Datos/Validacion/RoiImg\Mamo_0147.jpg;0.93310546875;0.5531301482701813;0.9918759231905465;0.9278110445775116;0.7102062400846113;0.5506355063550635
Datos/Validacion/RoiImg\Mamo_0149.jpg,0.99554443359375,0.8760611205432938,1.0,0.9953995462566171,0.9339366515837104,0.8760611205432938;;;;;;;;;;;;;;Datos/Validacion/RoiImg\Mamo_0148.jpg;0.9736328125;0.8590121033693163;0.9996193376475067;0.9686704950207167;0.9239971850809289;0.8587311968606932
Datos/Validacion/RoiImg\Mamo_015.jpg,0.6339111328125,0.6784584411849295,0.32587373946677717,0.877747402952433,0.4402762224710713,0.28227832954409476;;;;;;;;;;;;;;Datos/Validacion/RoiImg\Mamo_0149.jpg;0.99554443359375;0.8760611205432938;1.0;0.9953995462566171;0.9339366515837104;0.8760611205432938
Datos/Validacion/RoiImg\Mamo_0150.jpg,0.912841796875,0.3811188811188811,0.9864253393665159,0.9086451612903226,0.5498108448928121,0.3791304347826087;;;;;;;;;;;;;;Datos/Validacion/RoiImg\Mamo_015.jpg;0.6339111328125;0.6784584411849295;0.32587373946677717;0.877747402952433;0.4402762224710713;0.28227832954409476
Datos/Validacion/RoiImg\Mamo_0151.jpg,0.97821044921875,0.872,0.990909090909091,0.9761261901378429,0.9276595744680851,0.8650793650793651;;;;;;;;;;;;;;Datos/Validacion/RoiImg\Mamo_0150.jpg;0.912841796875;0.3811188811188811;0.9864253393665159;0.9086451612903226;0.5498108448928121;0.3791304347826087
Datos/Validacion/RoiImg\Mamo_0152.jpg,0.99261474609375,0.9525423728813559,0.945332211942809,0.9963145771635407,0.9489235964542001,0.9028112449799197;;;;;;;;;;;;;;Datos/Validacion/RoiImg\Mamo_0151.jpg;0.97821044921875;0.872;0.990909090909091;0.9761261901378429;0.9276595744680851;0.8650793650793651
Datos/Validacion/RoiImg\Mamo_0153.jpg,0.99676513671875,0.9696969696969697,0.9936485532815809,0.997060199104697,0.9815266643429766,0.9637234770704997;;;;;;;;;;;;;;Datos/Validacion/RoiImg\Mamo_0152.jpg;0.99261474609375;0.9525423728813559;0.945332211942809;0.9963145771635407;0.9489235964542001;0.9028112449799197
Datos/Validacion/RoiImg\Mamo_0154.jpg,0.9947509765625,0.9630650496141124,0.9892412231030577,0.9954166096593241,0.975977653631285,0.9530823786142935;;;;;;;;;;;;;;Datos/Validacion/RoiImg\Mamo_0153.jpg;0.99676513671875;0.9696969696969697;0.9936485532815809;0.997060199104697;0.9815266643429766;0.9637234770704997
Datos/Validacion/RoiImg\Mamo_0155.jpg,0.99664306640625,0.9629629629629629,0.9904761904761905,0.9971107754941231,0.9765258215962441,0.9541284403669725;;;;;;;;;;;;;;Datos/Validacion/RoiImg\Mamo_0154.jpg;0.9947509765625;0.9630650496141124;0.9892412231030577;0.9954166096593241;0.975977653631285;0.9530823786142935
Datos/Validacion/RoiImg\Mamo_0156.jpg,0.7979736328125,0.26264201381153934,1.0,0.7823084511673791,0.4160197600564573,0.26264201381153934;;;;;;;;;;;;;;Datos/Validacion/RoiImg\Mamo_0155.jpg;0.99664306640625;0.9629629629629629;0.9904761904761905;0.9971107754941231;0.9765258215962441;0.9541284403669725
Datos/Validacion/RoiImg\Mamo_016.jpg,0.85015869140625,0.877292381094379,0.7828632251197446,0.9071944068561119,0.8273922519862195,0.7056001918695287;;;;;;;;;;;;;;Datos/Validacion/RoiImg\Mamo_0156.jpg;0.7979736328125;0.26264201381153934;1.0;0.7823084511673791;0.4160197600564573;0.26264201381153934
Datos/Validacion/RoiImg\Mamo_017.jpg,0.93280029296875,0.7706879361914257,0.706904435299497,0.9675987884764387,0.7374195087049845,0.5840574234982999;;;;;;;;;;;;;;Datos/Validacion/RoiImg\Mamo_016.jpg;0.85015869140625;0.877292381094379;0.7828632251197446;0.9071944068561119;0.8273922519862195;0.7056001918695287
Datos/Validacion/RoiImg\Mamo_018.jpg,0.80999755859375,0.6709464416727806,0.9285835166694872,0.7431026252983294,0.7790161141477958,0.6380232558139535;;;;;;;;;;;;;;Datos/Validacion/RoiImg\Mamo_017.jpg;0.93280029296875;0.7706879361914257;0.706904435299497;0.9675987884764387;0.7374195087049845;0.5840574234982999
Datos/Validacion/RoiImg\Mamo_019.jpg,0.87127685546875,0.9379084967320261,0.5041405269761606,0.9892733284942334,0.6557858658397258,0.4878581835842642;;;;;;;;;;;;;;Datos/Validacion/RoiImg\Mamo_018.jpg;0.80999755859375;0.6709464416727806;0.9285835166694872;0.7431026252983294;0.7790161141477958;0.6380232558139535
Datos/Validacion/RoiImg\Mamo_02.jpg,0.8333740234375,0.8733869937396193,0.797201166180758,0.8730951466256883,0.8335568833069138,0.7146142588333682;;;;;;;;;;;;;;Datos/Validacion/RoiImg\Mamo_019.jpg;0.87127685546875;0.9379084967320261;0.5041405269761606;0.9892733284942334;0.6557858658397258;0.4878581835842642
Datos/Validacion/RoiImg\Mamo_020.jpg,0.743408203125,0.5166441745389114,0.5278033088235294,0.8213929521276596,0.522164128210957,0.35333025688355635;;;;;;;;;;;;;;Datos/Validacion/RoiImg\Mamo_02.jpg;0.8333740234375;0.8733869937396193;0.797201166180758;0.8730951466256883;0.8335568833069138;0.7146142588333682
Datos/Validacion/RoiImg\Mamo_021.jpg,0.68255615234375,0.7811176114585435,0.4847270906359539,0.8707717960933778,0.5982232522209348,0.4267607186156729;;;;;;;;;;;;;;Datos/Validacion/RoiImg\Mamo_020.jpg;0.743408203125;0.5166441745389114;0.5278033088235294;0.8213929521276596;0.522164128210957;0.35333025688355635
Datos/Validacion/RoiImg\Mamo_022.jpg,0.93212890625,0.8722768798313423,0.9280373831775701,0.9341127424324814,0.8992936062307553,0.8170149744939937;;;;;;;;;;;;;;Datos/Validacion/RoiImg\Mamo_021.jpg;0.68255615234375;0.7811176114585435;0.4847270906359539;0.8707717960933778;0.5982232522209348;0.4267607186156729
Datos/Validacion/RoiImg\Mamo_023.jpg,0.58685302734375,0.8454590244703564,0.46902332361516036,0.8259985207100592,0.6033401699384705,0.43198791642191825;;;;;;;;;;;;;;Datos/Validacion/RoiImg\Mamo_022.jpg;0.93212890625;0.8722768798313423;0.9280373831775701;0.9341127424324814;0.8992936062307553;0.8170149744939937
Datos/Validacion/RoiImg\Mamo_024.jpg,0.9359130859375,0.8126626192541196,0.9527198779867819,0.9306024096385542,0.8771355019892347,0.7811588161734055;;;;;;;;;;;;;;Datos/Validacion/RoiImg\Mamo_023.jpg;0.58685302734375;0.8454590244703564;0.46902332361516036;0.8259985207100592;0.6033401699384705;0.43198791642191825
Datos/Validacion/RoiImg\Mamo_025.jpg,0.5086669921875,0.7836653386454183,0.36098366672784,0.8020415603353992,0.49428320140721194,0.3282710280373832;;;;;;;;;;;;;;Datos/Validacion/RoiImg\Mamo_024.jpg;0.9359130859375;0.8126626192541196;0.9527198779867819;0.9306024096385542;0.8771355019892347;0.7811588161734055
Datos/Validacion/RoiImg\Mamo_026.jpg,0.77435302734375,0.7895138712140494,0.7522735540196435,0.7967309819343739,0.7704439615026389,0.6266033733966266;;;;;;;;;;;;;;Datos/Validacion/RoiImg\Mamo_025.jpg;0.5086669921875;0.7836653386454183;0.36098366672784;0.8020415603353992;0.49428320140721194;0.3282710280373832
Datos/Validacion/RoiImg\Mamo_027.jpg,0.67950439453125,0.6123326169614812,0.5603630862329804,0.7600777573153263,0.5851963030255154,0.41362367392518146;;;;;;;;;;;;;;Datos/Validacion/RoiImg\Mamo_026.jpg;0.77435302734375;0.7895138712140494;0.7522735540196435;0.7967309819343739;0.7704439615026389;0.6266033733966266
Datos/Validacion/RoiImg\Mamo_028.jpg,0.9249267578125,0.8380528902410485,0.8693857732459335,0.9435792906644924,0.8534318398474738,0.7443358969029308;;;;;;;;;;;;;;Datos/Validacion/RoiImg\Mamo_027.jpg;0.67950439453125;0.6123326169614812;0.5603630862329804;0.7600777573153263;0.5851963030255154;0.41362367392518146
Datos/Validacion/RoiImg\Mamo_029.jpg,0.872802734375,0.9897974493623406,0.7659352142110762,0.9912495174366234,0.863594711349653,0.7599354913028453;;;;;;;;;;;;;;Datos/Validacion/RoiImg\Mamo_028.jpg;0.9249267578125;0.8380528902410485;0.8693857732459335;0.9435792906644924;0.8534318398474738;0.7443358969029308
Datos/Validacion/RoiImg\Mamo_03.jpg,0.8018798828125,0.38266182929157916,0.993554784333168,0.7749704183197605,0.5525227460711332,0.38171428571428573;;;;;;;;;;;;;;Datos/Validacion/RoiImg\Mamo_029.jpg;0.872802734375;0.9897974493623406;0.7659352142110762;0.9912495174366234;0.863594711349653;0.7599354913028453
Datos/Validacion/RoiImg\Mamo_030.jpg,0.90936279296875,0.9874924653405666,0.8237586423632935,0.9901530430656068,0.8982249331779865,0.8152525503856681;;;;;;;;;;;;;;Datos/Validacion/RoiImg\Mamo_03.jpg;0.8018798828125;0.38266182929157916;0.993554784333168;0.7749704183197605;0.5525227460711332;0.38171428571428573
Datos/Validacion/RoiImg\Mamo_031.jpg,0.6412353515625,1.0,0.47531911095242346,1.0,0.6443610842207164,0.47531911095242346;;;;;;;;;;;;;;Datos/Validacion/RoiImg\Mamo_030.jpg;0.90936279296875;0.9874924653405666;0.8237586423632935;0.9901530430656068;0.8982249331779865;0.8152525503856681
Datos/Validacion/RoiImg\Mamo_032.jpg,0.68084716796875,0.9856678486997635,0.5651952893332204,0.9788255839336389,0.7184319638145495,0.5605882352941176;;;;;;;;;;;;;;Datos/Validacion/RoiImg\Mamo_031.jpg;0.6412353515625;1.0;0.47531911095242346;1.0;0.6443610842207164;0.47531911095242346
Datos/Validacion/RoiImg\Mamo_033.jpg,0.89654541015625,0.9910570297610322,0.8053371455801763,0.9923654568210263,0.8885967794939205,0.7995269071555293;;;;;;;;;;;;;;Datos/Validacion/RoiImg\Mamo_032.jpg;0.68084716796875;0.9856678486997635;0.5651952893332204;0.9788255839336389;0.7184319638145495;0.5605882352941176
Datos/Validacion/RoiImg\Mamo_034.jpg,0.80413818359375,0.7914205781784271,0.500786782061369,0.9406194690265487,0.6134200698710999,0.44239791485664637;;;;;;;;;;;;;;Datos/Validacion/RoiImg\Mamo_033.jpg;0.89654541015625;0.9910570297610322;0.8053371455801763;0.9923654568210263;0.8885967794939205;0.7995269071555293
Datos/Validacion/RoiImg\Mamo_035.jpg,0.8267822265625,0.766044142614601,0.7555257870060281,0.8676527084133692,0.7607486090035407,0.6138775510204082;;;;;;;;;;;;;;Datos/Validacion/RoiImg\Mamo_034.jpg;0.80413818359375;0.7914205781784271;0.500786782061369;0.9406194690265487;0.6134200698710999;0.44239791485664637
Datos/Validacion/RoiImg\Mamo_036.jpg,0.813232421875,0.9669286182056319,0.762654958677686,0.9364513422818792,0.8527288478198094,0.7432670526050843;;;;;;;;;;;;;;Datos/Validacion/RoiImg\Mamo_035.jpg;0.8267822265625;0.766044142614601;0.7555257870060281;0.8676527084133692;0.7607486090035407;0.6138775510204082
Datos/Validacion/RoiImg\Mamo_037.jpg,0.8756103515625,0.9005326231691079,0.8397069778991806,0.9103241296518607,0.8690567977383706,0.768435405067606;;;;;;;;;;;;;;Datos/Validacion/RoiImg\Mamo_036.jpg;0.813232421875;0.9669286182056319;0.762654958677686;0.9364513422818792;0.8527288478198094;0.7432670526050843
Datos/Validacion/RoiImg\Mamo_038.jpg,0.83111572265625,0.9263253835637247,0.7276849642004773,0.9394052973513244,0.8150771904029941,0.687873660462493;;;;;;;;;;;;;;Datos/Validacion/RoiImg\Mamo_037.jpg;0.8756103515625;0.9005326231691079;0.8397069778991806;0.9103241296518607;0.8690567977383706;0.768435405067606
Datos/Validacion/RoiImg\Mamo_039.jpg,0.816162109375,0.9895356442119032,0.33555111998225773,0.9986526315789473,0.5011593242795628,0.3343646408839779;;;;;;;;;;;;;;Datos/Validacion/RoiImg\Mamo_038.jpg;0.83111572265625;0.9263253835637247;0.7276849642004773;0.9394052973513244;0.8150771904029941;0.687873660462493
Datos/Validacion/RoiImg\Mamo_04.jpg,0.87249755859375,0.9819059107358263,0.8231292517006803,0.9700326916091536,0.8955343301495224,0.8108303902924929;;;;;;;;;;;;;;Datos/Validacion/RoiImg\Mamo_039.jpg;0.816162109375;0.9895356442119032;0.33555111998225773;0.9986526315789473;0.5011593242795628;0.3343646408839779
Datos/Validacion/RoiImg\Mamo_040.jpg,0.63714599609375,1.0,0.4872789995687796,1.0,0.6552623948970716,0.4872789995687796;;;;;;;;;;;;;;Datos/Validacion/RoiImg\Mamo_04.jpg;0.87249755859375;0.9819059107358263;0.8231292517006803;0.9700326916091536;0.8955343301495224;0.8108303902924929
Datos/Validacion/RoiImg\Mamo_041.jpg,0.93157958984375,0.9520647988314965,0.9041614123581336,0.9572983203217412,0.9274949873876205,0.8647931491979255;;;;;;;;;;;;;;Datos/Validacion/RoiImg\Mamo_040.jpg;0.63714599609375;1.0;0.4872789995687796;1.0;0.6552623948970716;0.4872789995687796
Datos/Validacion/RoiImg\Mamo_042.jpg,0.71148681640625,1.0,0.5794483985765124,1.0,0.7337351433560525,0.5794483985765124;;;;;;;;;;;;;;Datos/Validacion/RoiImg\Mamo_041.jpg;0.93157958984375;0.9520647988314965;0.9041614123581336;0.9572983203217412;0.9274949873876205;0.8647931491979255
Datos/Validacion/RoiImg\Mamo_043.jpg,0.8106689453125,0.9054258866323128,0.7068149550402272,0.9213313161875946,0.7938870431893688,0.6582194799471133;;;;;;;;;;;;;;Datos/Validacion/RoiImg\Mamo_042.jpg;0.71148681640625;1.0;0.5794483985765124;1.0;0.7337351433560525;0.5794483985765124
Datos/Validacion/RoiImg\Mamo_044.jpg,0.75921630859375,0.470229628124365,0.6336254107338445,0.7952403393025448,0.5398343636999884,0.36970762102572297;;;;;;;;;;;;;;Datos/Validacion/RoiImg\Mamo_043.jpg;0.8106689453125;0.9054258866323128;0.7068149550402272;0.9213313161875946;0.7938870431893688;0.6582194799471133
Datos/Validacion/RoiImg\Mamo_045.jpg,0.9278564453125,0.9452177244285532,0.9076640098099326,0.9478672985781991,0.9260603027649194,0.8623019571295434;;;;;;;;;;;;;;Datos/Validacion/RoiImg\Mamo_044.jpg;0.75921630859375;0.470229628124365;0.6336254107338445;0.7952403393025448;0.5398343636999884;0.36970762102572297
Datos/Validacion/RoiImg\Mamo_046.jpg,0.83099365234375,0.9915229465068693,0.553163731245923,0.9971712836519704,0.71014341044698,0.5505599740301899;;;;;;;;;;;;;;Datos/Validacion/RoiImg\Mamo_045.jpg;0.9278564453125;0.9452177244285532;0.9076640098099326;0.9478672985781991;0.9260603027649194;0.8623019571295434
Datos/Validacion/RoiImg\Mamo_047.jpg,0.760498046875,0.6824170831440255,0.7115111321648507,0.7913640433787683,0.6966604823747681,0.5345195729537366;;;;;;;;;;;;;;Datos/Validacion/RoiImg\Mamo_046.jpg;0.83099365234375;0.9915229465068693;0.553163731245923;0.9971712836519704;0.71014341044698;0.5505599740301899
Datos/Validacion/RoiImg\Mamo_048.jpg,0.85205078125,0.9787185354691076,0.6472457627118644,0.9904869067103109,0.779194753142649,0.6382629458289808;;;;;;;;;;;;;;Datos/Validacion/RoiImg\Mamo_047.jpg;0.760498046875;0.6824170831440255;0.7115111321648507;0.7913640433787683;0.6966604823747681;0.5345195729537366
Datos/Validacion/RoiImg\Mamo_049.jpg,0.8668212890625,0.882680412371134,0.7263318629114354,0.9457578646329838,0.796909903201787,0.6623858889060807;;;;;;;;;;;;;;Datos/Validacion/RoiImg\Mamo_048.jpg;0.85205078125;0.9787185354691076;0.6472457627118644;0.9904869067103109;0.779194753142649;0.6382629458289808
Datos/Validacion/RoiImg\Mamo_05.jpg,0.838134765625,0.9952358819428306,0.7663743736578382,0.9921274961597543,0.8659387321807704,0.7635731479005081;;;;;;;;;;;;;;Datos/Validacion/RoiImg\Mamo_049.jpg;0.8668212890625;0.882680412371134;0.7263318629114354;0.9457578646329838;0.796909903201787;0.6623858889060807
Datos/Validacion/RoiImg\Mamo_050.jpg,0.869384765625,0.9748253591669962,0.7914392723381487,0.9728654638442961,0.8736120954405858,0.7755872483221476;;;;;;;;;;;;;;Datos/Validacion/RoiImg\Mamo_05.jpg;0.838134765625;0.9952358819428306;0.7663743736578382;0.9921274961597543;0.8659387321807704;0.7635731479005081
Datos/Validacion/RoiImg\Mamo_051.jpg,0.87799072265625,0.9609032692955848,0.7634221448654438,0.9739764441951767,0.8508542863538013,0.7404233216465395;;;;;;;;;;;;;;Datos/Validacion/RoiImg\Mamo_050.jpg;0.869384765625;0.9748253591669962;0.7914392723381487;0.9728654638442961;0.8736120954405858;0.7755872483221476
Datos/Validacion/RoiImg\Mamo_052.jpg,0.8707275390625,0.9848622464426279,0.8321821437707854,0.967790423019111,0.9021075984470327,0.8216721394291487;;;;;;;;;;;;;;Datos/Validacion/RoiImg\Mamo_051.jpg;0.87799072265625;0.9609032692955848;0.7634221448654438;0.9739764441951767;0.8508542863538013;0.7404233216465395
Datos/Validacion/RoiImg\Mamo_053.jpg,0.84649658203125,0.9823779623252987,0.6663918658972245,0.9904458598726115,0.7941056078591895,0.658520027155465;;;;;;;;;;;;;;Datos/Validacion/RoiImg\Mamo_052.jpg;0.8707275390625;0.9848622464426279;0.8321821437707854;0.967790423019111;0.9021075984470327;0.8216721394291487
Datos/Validacion/RoiImg\Mamo_054.jpg,0.749755859375,0.983278745043958,0.5876171834758421,0.9854725175977235,0.7356203249935517,0.5818033455732354;;;;;;;;;;;;;;Datos/Validacion/RoiImg\Mamo_053.jpg;0.84649658203125;0.9823779623252987;0.6663918658972245;0.9904458598726115;0.7941056078591895;0.658520027155465
Datos/Validacion/RoiImg\Mamo_055.jpg,0.90087890625,0.9634328358208956,0.783373786407767,0.9799836601307189,0.8641231593038822,0.7607542722451385;;;;;;;;;;;;;;Datos/Validacion/RoiImg\Mamo_054.jpg;0.749755859375;0.983278745043958;0.5876171834758421;0.9854725175977235;0.7356203249935517;0.5818033455732354
Datos/Validacion/RoiImg\Mamo_056.jpg,0.83929443359375,0.9468707015130674,0.7032307495849828,0.9638723254998246,0.8070638235509636,0.6765356265356265;;;;;;;;;;;;;;Datos/Validacion/RoiImg\Mamo_055.jpg;0.90087890625;0.9634328358208956;0.783373786407767;0.9799836601307189;0.8641231593038822;0.7607542722451385
Datos/Validacion/RoiImg\Mamo_057.jpg,0.89129638671875,0.9607924921793535,0.7430645161290322,0.9815396700706991,0.8380172805820828,0.721195992485911;;;;;;;;;;;;;;Datos/Validacion/RoiImg\Mamo_056.jpg;0.83929443359375;0.9468707015130674;0.7032307495849828;0.9638723254998246;0.8070638235509636;0.6765356265356265
Datos/Validacion/RoiImg\Mamo_058.jpg,0.82379150390625,0.7218581792651533,0.9236412636622249,0.755074703760948,0.8103776683087028,0.6812058303886925;;;;;;;;;;;;;;Datos/Validacion/RoiImg\Mamo_057.jpg;0.89129638671875;0.9607924921793535;0.7430645161290322;0.9815396700706991;0.8380172805820828;0.721195992485911
Datos/Validacion/RoiImg\Mamo_059.jpg,0.73193359375,0.9681365146481425,0.6052681268882175,0.9635704419889503,0.7448588358313001,0.5934462649264093;;;;;;;;;;;;;;Datos/Validacion/RoiImg\Mamo_058.jpg;0.82379150390625;0.7218581792651533;0.9236412636622249;0.755074703760948;0.8103776683087028;0.6812058303886925
Datos/Validacion/RoiImg\Mamo_06.jpg,0.862548828125,0.9864811133200795,0.7758782445533201,0.9849801207480489,0.8685961022289649,0.7677153171738009;;;;;;;;;;;;;;Datos/Validacion/RoiImg\Mamo_059.jpg;0.73193359375;0.9681365146481425;0.6052681268882175;0.9635704419889503;0.7448588358313001;0.5934462649264093
Datos/Validacion/RoiImg\Mamo_060.jpg,0.85247802734375,0.9890848026868178,0.665818849795111,0.994412807564199,0.7958787264589139,0.6609622667975873;;;;;;;;;;;;;;Datos/Validacion/RoiImg\Mamo_06.jpg;0.862548828125;0.9864811133200795;0.7758782445533201;0.9849801207480489;0.8685961022289649;0.7677153171738009
Datos/Validacion/RoiImg\Mamo_061.jpg,0.82568359375,0.992948507707445,0.6827920613441588,0.9942788717402874,0.8091674462114126,0.6794972505891594;;;;;;;;;;;;;;Datos/Validacion/RoiImg\Mamo_060.jpg;0.85247802734375;0.9890848026868178;0.665818849795111;0.994412807564199;0.7958787264589139;0.6609622667975873
Datos/Validacion/RoiImg\Mamo_062.jpg,0.84515380859375,0.9666441289159342,0.6422581611260857,0.9847516999793942,0.7717498875393612,0.628332845004395;;;;;;;;;;;;;;Datos/Validacion/RoiImg\Mamo_061.jpg;0.82568359375;0.992948507707445;0.6827920613441588;0.9942788717402874;0.8091674462114126;0.6794972505891594
Datos/Validacion/RoiImg\Mamo_063.jpg,0.6463623046875,0.9795358123284252,0.4072844246134689,0.9878464502741959,0.5753444737613603,0.4038481325239222;;;;;;;;;;;;;;Datos/Validacion/RoiImg\Mamo_062.jpg;0.84515380859375;0.9666441289159342;0.6422581611260857;0.9847516999793942;0.7717498875393612;0.628332845004395
Datos/Validacion/RoiImg\Mamo_064.jpg,0.8800048828125,0.996261961722488,0.7744072524407253,0.9967866323907455,0.8714360449908449,0.7721636342565766;;;;;;;;;;;;;;Datos/Validacion/RoiImg\Mamo_063.jpg;0.6463623046875;0.9795358123284252;0.4072844246134689;0.9878464502741959;0.5753444737613603;0.4038481325239222
Datos/Validacion/RoiImg\Mamo_065.jpg,0.817626953125,0.9456611570247934,0.6268145713503149,0.9710416207883726,0.7539120408499423,0.6050231328486451;;;;;;;;;;;;;;Datos/Validacion/RoiImg\Mamo_064.jpg;0.8800048828125;0.996261961722488;0.7744072524407253;0.9967866323907455;0.8714360449908449;0.7721636342565766
Datos/Validacion/RoiImg\Mamo_066.jpg,0.7716064453125,0.9796061884669479,0.43060278207109737,0.9941496873108735,0.5982392097917114,0.4267769607843137;;;;;;;;;;;;;;Datos/Validacion/RoiImg\Mamo_065.jpg;0.817626953125;0.9456611570247934;0.6268145713503149;0.9710416207883726;0.7539120408499423;0.6050231328486451
Datos/Validacion/RoiImg\Mamo_067.jpg,0.92266845703125,0.9831311380704795,0.8835929387331256,0.9783831803375778,0.9307082307902652,0.8703968903436988;;;;;;;;;;;;;;Datos/Validacion/RoiImg\Mamo_066.jpg;0.7716064453125;0.9796061884669479;0.43060278207109737;0.9941496873108735;0.5982392097917114;0.4267769607843137
Datos/Validacion/RoiImg\Mamo_068.jpg,0.864990234375,0.9136756481952212,0.8682964537636486,0.8593206296603149,0.8904082441537852,0.8024647258439007;;;;;;;;;;;;;;Datos/Validacion/RoiImg\Mamo_067.jpg;0.92266845703125;0.9831311380704795;0.8835929387331256;0.9783831803375778;0.9307082307902652;0.8703968903436988
Datos/Validacion/RoiImg\Mamo_069.jpg,0.9022216796875,0.867608776496839,0.839812814974802,0.9342445511636498,0.8534845436253887,0.7444160816847479;;;;;;;;;;;;;;Datos/Validacion/RoiImg\Mamo_068.jpg;0.864990234375;0.9136756481952212;0.8682964537636486;0.8593206296603149;0.8904082441537852;0.8024647258439007
Datos/Validacion/RoiImg\Mamo_07.jpg,0.91241455078125,0.9756875249103228,0.640502354788069,0.9951440853367298,0.7733375454114674,0.6304403811485965;;;;;;;;;;;;;;Datos/Validacion/RoiImg\Mamo_069.jpg;0.9022216796875;0.867608776496839;0.839812814974802;0.9342445511636498;0.8534845436253887;0.7444160816847479
Datos/Validacion/RoiImg\Mamo_070.jpg,0.889404296875,0.9335570469798657,0.7336497890295358,0.9722326103216156,0.8216184288245718,0.6972431077694236;;;;;;;;;;;;;;Datos/Validacion/RoiImg\Mamo_07.jpg;0.91241455078125;0.9756875249103228;0.640502354788069;0.9951440853367298;0.7733375454114674;0.6304403811485965
Datos/Validacion/RoiImg\Mamo_071.jpg,0.70068359375,0.9937793427230047,0.6357561195374681,0.9827136333985649,0.7754373111090759,0.6332361079949144;;;;;;;;;;;;;;Datos/Validacion/RoiImg\Mamo_070.jpg;0.889404296875;0.9335570469798657;0.7336497890295358;0.9722326103216156;0.8216184288245718;0.6972431077694236
Datos/Validacion/RoiImg\Mamo_072.jpg,0.745361328125,1.0,0.46873806188717687,1.0,0.6382868042309693,0.46873806188717687;;;;;;;;;;;;;;Datos/Validacion/RoiImg\Mamo_071.jpg;0.70068359375;0.9937793427230047;0.6357561195374681;0.9827136333985649;0.7754373111090759;0.6332361079949144
Datos/Validacion/RoiImg\Mamo_073.jpg,0.93328857421875,0.8075992255566312,0.918019257221458,0.9376421680131775,0.8592764259044676,0.7532731376975169;;;;;;;;;;;;;;Datos/Validacion/RoiImg\Mamo_072.jpg;0.745361328125;1.0;0.46873806188717687;1.0;0.6382868042309693;0.46873806188717687
Datos/Validacion/RoiImg\Mamo_074.jpg,0.719970703125,0.9303344867358708,0.6693775933609959,0.8606368251038302,0.7785714285714286,0.6374269005847953;;;;;;;;;;;;;;Datos/Validacion/RoiImg\Mamo_073.jpg;0.93328857421875;0.8075992255566312;0.918019257221458;0.9376421680131775;0.8592764259044676;0.7532731376975169
Datos/Validacion/RoiImg\Mamo_075.jpg,0.8763427734375,0.9897242678540846,0.7461588121368625,0.9930547517073736,0.8508539458186102,0.7404228058936579;;;;;;;;;;;;;;Datos/Validacion/RoiImg\Mamo_074.jpg;0.719970703125;0.9303344867358708;0.6693775933609959;0.8606368251038302;0.7785714285714286;0.6374269005847953
Datos/Validacion/RoiImg\Mamo_076.jpg,0.6956787109375,0.9926253687315634,0.5507364975450082,0.9916450055699962,0.708421052631579,0.5484922575387123;;;;;;;;;;;;;;Datos/Validacion/RoiImg\Mamo_075.jpg;0.8763427734375;0.9897242678540846;0.7461588121368625;0.9930547517073736;0.8508539458186102;0.7404228058936579
Datos/Validacion/RoiImg\Mamo_077.jpg,0.9503173828125,0.9563365282215123,0.9226478790547483,0.9700135826977327,0.9391901987150755,0.8853521126760563;;;;;;;;;;;;;;Datos/Validacion/RoiImg\Mamo_076.jpg;0.6956787109375;0.9926253687315634;0.5507364975450082;0.9916450055699962;0.708421052631579;0.5484922575387123
Datos/Validacion/RoiImg\Mamo_078.jpg,0.8919677734375,0.5905675045348536,0.9230457675172135,0.8864534674811355,0.7202907711757269,0.562855025932329;;;;;;;;;;;;;;Datos/Validacion/RoiImg\Mamo_077.jpg;0.9503173828125;0.9563365282215123;0.9226478790547483;0.9700135826977327;0.9391901987150755;0.8853521126760563
Datos/Validacion/RoiImg\Mamo_079.jpg,0.994384765625,0.8564437194127243,0.9924385633270322,0.9944497004099653,0.9194395796847635,0.8508914100486223;;;;;;;;;;;;;;Datos/Validacion/RoiImg\Mamo_078.jpg;0.8919677734375;0.5905675045348536;0.9230457675172135;0.8864534674811355;0.7202907711757269;0.562855025932329
Datos/Validacion/RoiImg\Mamo_08.jpg,0.55316162109375,0.9853068280034573,0.3199251637043966,0.9910432033719705,0.4830167361062072,0.31840610743878595;;;;;;;;;;;;;;Datos/Validacion/RoiImg\Mamo_079.jpg;0.994384765625;0.8564437194127243;0.9924385633270322;0.9944497004099653;0.9194395796847635;0.8508914100486223
Datos/Validacion/RoiImg\Mamo_080.jpg,0.98992919921875,0.7674750356633381,0.9962962962962963,0.9897121938904317,0.8670427074939565,0.7652916073968705;;;;;;;;;;;;;;Datos/Validacion/RoiImg\Mamo_08.jpg;0.55316162109375;0.9853068280034573;0.3199251637043966;0.9910432033719705;0.4830167361062072;0.31840610743878595
Datos/Validacion/RoiImg\Mamo_081.jpg,0.9844970703125,0.5096525096525096,1.0,0.9842431761786601,0.6751918158567775,0.5096525096525096;;;;;;;;;;;;;;Datos/Validacion/RoiImg\Mamo_080.jpg;0.98992919921875;0.7674750356633381;0.9962962962962963;0.9897121938904317;0.8670427074939565;0.7652916073968705
Datos/Validacion/RoiImg\Mamo_082.jpg,0.99774169921875,0.8860759493670886,0.99644128113879,0.9977643917282494,0.9380234505862647,0.8832807570977917;;;;;;;;;;;;;;Datos/Validacion/RoiImg\Mamo_081.jpg;0.9844970703125;0.5096525096525096;1.0;0.9842431761786601;0.6751918158567775;0.5096525096525096
Datos/Validacion/RoiImg\Mamo_083.jpg,0.9935302734375,0.9454828660436138,0.9994511525795828,0.9927894519983519,0.971718249733191,0.9449922158796056;;;;;;;;;;;;;;Datos/Validacion/RoiImg\Mamo_082.jpg;0.99774169921875;0.8860759493670886;0.99644128113879;0.9977643917282494;0.9380234505862647;0.8832807570977917
Datos/Validacion/RoiImg\Mamo_084.jpg,0.95648193359375,0.5941690962099125,0.9835907335907336,0.9546520719311963,0.7408215194474737,0.5883371824480369;;;;;;;;;;;;;;Datos/Validacion/RoiImg\Mamo_083.jpg;0.9935302734375;0.9454828660436138;0.9994511525795828;0.9927894519983519;0.971718249733191;0.9449922158796056
Datos/Validacion/RoiImg\Mamo_085.jpg,0.98699951171875,0.8826466916354557,0.9826268241834607,0.9874205419872867,0.9299572509043078,0.8690842040565457;;;;;;;;;;;;;;Datos/Validacion/RoiImg\Mamo_084.jpg;0.95648193359375;0.5941690962099125;0.9835907335907336;0.9546520719311963;0.7408215194474737;0.5883371824480369
Datos/Validacion/RoiImg\Mamo_086.jpg,0.98883056640625,0.9465219139525533,0.9792013311148087,0.990486409155937,0.9625843385810673,0.9278675601103665;;;;;;;;;;;;;;Datos/Validacion/RoiImg\Mamo_085.jpg;0.98699951171875;0.8826466916354557;0.9826268241834607;0.9874205419872867;0.9299572509043078;0.8690842040565457
Datos/Validacion/RoiImg\Mamo_087.jpg,0.9920654296875,0.9804154302670623,0.9445397369925672,0.9977451315339938,0.9621432731508445,0.9270482603815937;;;;;;;;;;;;;;Datos/Validacion/RoiImg\Mamo_086.jpg;0.98883056640625;0.9465219139525533;0.9792013311148087;0.990486409155937;0.9625843385810673;0.9278675601103665
Datos/Validacion/RoiImg\Mamo_088.jpg,0.99053955078125,0.9702380952380952,0.9394812680115274,0.9965867977336337,0.9546120058565154,0.9131652661064426;;;;;;;;;;;;;;Datos/Validacion/RoiImg\Mamo_087.jpg;0.9920654296875;0.9804154302670623;0.9445397369925672;0.9977451315339938;0.9621432731508445;0.9270482603815937
Datos/Validacion/RoiImg\Mamo_089.jpg,0.991943359375,0.9449588477366255,0.9865735767991407,0.9926318688885828,0.9653179190751445,0.9329608938547486;;;;;;;;;;;;;;Datos/Validacion/RoiImg\Mamo_088.jpg;0.99053955078125;0.9702380952380952;0.9394812680115274;0.9965867977336337;0.9546120058565154;0.9131652661064426
Datos/Validacion/RoiImg\Mamo_09.jpg,0.89715576171875,0.9086778736937755,0.7571455612341472,0.963787046212053,0.8260196179659267,0.7036059806508356;;;;;;;;;;;;;;Datos/Validacion/RoiImg\Mamo_089.jpg;0.991943359375;0.9449588477366255;0.9865735767991407;0.9926318688885828;0.9653179190751445;0.9329608938547486
Datos/Validacion/RoiImg\Mamo_090.jpg,0.859375,0.776332899869961,0.5004191114836547,0.959703240921515,0.6085626911314985,0.43736263736263736;;;;;;;;;;;;;;Datos/Validacion/RoiImg\Mamo_09.jpg;0.89715576171875;0.9086778736937755;0.7571455612341472;0.963787046212053;0.8260196179659267;0.7036059806508356
Datos/Validacion/RoiImg\Mamo_091.jpg,0.57659912109375,0.2170428893905192,1.0,0.520295968466911,0.3566725401094315,0.2170428893905192;;;;;;;;;;;;;;Datos/Validacion/RoiImg\Mamo_090.jpg;0.859375;0.776332899869961;0.5004191114836547;0.959703240921515;0.6085626911314985;0.43736263736263736
Datos/Validacion/RoiImg\Mamo_092.jpg,0.98944091796875,0.9909692956050572,0.9124168514412417,0.9989711934156379,0.9500721500721501,0.9048927982407916;;;;;;;;;;;;;;Datos/Validacion/RoiImg\Mamo_091.jpg;0.57659912109375;0.2170428893905192;1.0;0.520295968466911;0.3566725401094315;0.2170428893905192
Datos/Validacion/RoiImg\Mamo_093.jpg,0.98931884765625,0.5231607629427792,1.0,0.9891921936758893,0.6869409660107334,0.5231607629427792;;;;;;;;;;;;;;Datos/Validacion/RoiImg\Mamo_092.jpg;0.98944091796875;0.9909692956050572;0.9124168514412417;0.9989711934156379;0.9500721500721501;0.9048927982407916
Datos/Validacion/RoiImg\Mamo_094.jpg,0.99774169921875,0.8115183246073299,0.9935897435897436,0.9977816120285925,0.8933717579250721,0.8072916666666666;;;;;;;;;;;;;;Datos/Validacion/RoiImg\Mamo_093.jpg;0.98931884765625;0.5231607629427792;1.0;0.9891921936758893;0.6869409660107334;0.5231607629427792
Datos/Validacion/RoiImg\Mamo_095.jpg,0.98907470703125,0.3784722222222222,1.0,0.9890015360983103,0.5491183879093199,0.3784722222222222;;;;;;;;;;;;;;Datos/Validacion/RoiImg\Mamo_094.jpg;0.99774169921875;0.8115183246073299;0.9935897435897436;0.9977816120285925;0.8933717579250721;0.8072916666666666
Datos/Validacion/RoiImg\Mamo_096.jpg,0.97393798828125,0.36976047904191617,0.9762845849802372,0.9739011840555453,0.5363735070575462,0.3664688427299703;;;;;;;;;;;;;;Datos/Validacion/RoiImg\Mamo_095.jpg;0.98907470703125;0.3784722222222222;1.0;0.9890015360983103;0.5491183879093199;0.3784722222222222
Datos/Validacion/RoiImg\Mamo_097.jpg,0.88690185546875,0.7004638833664678,0.9894687573133629,0.8507142267360251,0.8202541468619653,0.695280381516198;;;;;;;;;;;;;;Datos/Validacion/RoiImg\Mamo_096.jpg;0.97393798828125;0.36976047904191617;0.9762845849802372;0.9739011840555453;0.5363735070575462;0.3664688427299703
Datos/Validacion/RoiImg\Mamo_098.jpg,0.95159912109375,0.9328458257160268,0.9693515704154002,0.9350848256361922,0.9507484007204522,0.9061205161595833;;;;;;;;;;;;;;Datos/Validacion/RoiImg\Mamo_097.jpg;0.88690185546875;0.7004638833664678;0.9894687573133629;0.8507142267360251;0.8202541468619653;0.695280381516198
Datos/Validacion/RoiImg\Mamo_099.jpg,0.986328125,0.8727598566308243,0.9925271739130435,0.9857162017167382,0.9287984742530198,0.8670623145400593;;;;;;;;;;;;;;Datos/Validacion/RoiImg\Mamo_098.jpg;0.95159912109375;0.9328458257160268;0.9693515704154002;0.9350848256361922;0.9507484007204522;0.9061205161595833
Media,0.8899970421424279,0.8484492123553969,0.8362895196701066,0.9504049478943523,0.810482982265537,0.7097678635587895;;;;;;;;;;;;;;Datos/Validacion/RoiImg\Mamo_099.jpg;0.986328125;0.8727598566308243;0.9925271739130435;0.9857162017167382;0.9287984742530198;0.8670623145400593
;;;;;;;;;;;;;;Media;0.8899970421424279;0.8484492123553969;0.8362895196701066;0.9504049478943523;0.810482982265537;0.7097678635587895
